date,author,messages
2026-08-29,Member 04CA,3
2026-08-29,Member 247D,1
2026-08-29,Member 2B8A,16
2026-08-29,Member 2E5A,1
2026-08-29,Member 5026,4
2026-08-29,Member AA6C,2
2026-08-29,Member B384,1
2026-08-29,Member B7BA,2
2026-08-29,Member CD6B,6
2026-08-29,Member D072,3
2026-08-29,Member EF73,1
2026-08-30,Member 08F7,5
2026-08-30,Member 0D39,1
2026-08-30,Member 116E,2
2026-08-30,Member 1226,1
2026-08-30,Member 1854,1
2026-08-30,Member 2B8A,15
2026-08-30,Member 34E8,2
2026-08-30,Member 3569,2
2026-08-30,Member 4541,1
2026-08-30,Member 5F0C,1
2026-08-30,Member 6164,1
2026-08-30,Member 6E2F,2
2026-08-30,Member 778E,1
2026-08-30,Member 7B22,1
2026-08-30,Member 7D7A,3
2026-08-30,Member 7F13,3
2026-08-30,Member 862C,1
2026-08-30,Member AEFB,1
2026-08-30,Member B7BA,5
2026-08-30,Member BB73,1
2026-08-30,Member BBC2,1
2026-08-30,Member C520,1
2026-08-30,Member CD72,11
2026-08-30,Member CE08,7
2026-08-30,Member D470,4
2026-08-30,Member D687,1
2026-08-30,Member D74E,1
2026-08-30,Member EF73,1
2026-08-31,Member 068D,2
2026-08-31,Member 116E,1
2026-08-31,Member 1854,1
2026-08-31,Member 2026,1
2026-08-31,Member 292D,1
2026-08-31,Member 2B8A,20
2026-08-31,Member 395C,1
2026-08-31,Member 5EB9,1
2026-08-31,Member 6196,8
2026-08-31,Member 8354,2
2026-08-31,Member 96B2,19
2026-08-31,Member AEFB,4
2026-08-31,Member B7BA,12
2026-08-31,Member C641,1
2026-08-31,Member CD6B,7
2026-08-31,Member D447,2
2026-08-31,Member DEE5,4
2026-08-31,Member FF2F,2
