ts_utc,members,online
2026-08-31T12:00:00Z,5360,646
2026-08-31T19:00:00Z,5360,697
2026-08-31T23:00:00Z,5364,642
2026-09-01T04:00:00Z,5367,534
2026-09-01T10:00:00Z,5370,531
2026-09-01T14:00:00Z,5371,721
2026-09-01T18:00:00Z,5374,745
2026-09-01T21:00:00Z,5376,699
2026-09-02T00:00:00Z,5376,635
2026-09-02T04:00:00Z,5376,558
2026-09-02T09:00:00Z,5382,511
2026-09-02T14:00:00Z,5384,700
2026-09-02T18:00:00Z,5379,762
2026-09-02T21:00:00Z,5383,692
2026-09-03T00:00:00Z,5383,643
2026-09-03T04:00:00Z,5383,596
2026-09-03T09:00:00Z,5382,549
2026-09-03T14:00:00Z,5384,686
2026-09-03T18:00:00Z,5385,737
2026-09-03T21:00:00Z,5385,690
2026-09-04T00:00:00Z,5385,625
2026-09-04T04:00:00Z,5387,557
2026-09-04T09:00:00Z,5387,524
2026-09-04T14:00:00Z,5390,703
2026-09-04T18:00:00Z,5396,738
2026-09-04T21:00:00Z,5396,707
2026-09-04T23:00:00Z,5395,632
2026-09-05T04:00:00Z,5398,609
2026-09-05T08:00:00Z,5401,533
2026-09-05T12:00:00Z,5401,628
2026-09-05T15:00:00Z,5402,752
2026-09-05T18:00:00Z,5401,766
2026-09-05T21:00:00Z,5400,733
2026-09-05T22:00:00Z,5401,648
2026-09-06T00:00:00Z,5402,640
2026-09-06T05:00:00Z,5403,578
2026-09-06T10:00:00Z,5408,578
2026-09-06T14:00:00Z,5408,722
2026-09-06T16:00:00Z,5409,806
2026-09-06T19:00:00Z,5411,779
2026-09-06T21:00:00Z,5411,747
2026-09-06T23:00:00Z,5411,649
2026-09-07T04:00:00Z,5414,609
2026-09-07T10:00:00Z,5416,520
2026-09-07T16:00:00Z,5418,740
2026-09-07T20:00:00Z,5416,750
2026-09-07T23:00:00Z,5418,625
2026-09-08T04:00:00Z,5418,581
2026-09-08T09:00:00Z,5417,549
2026-09-08T14:00:00Z,5419,707
2026-09-08T18:00:00Z,5417,727
2026-09-08T21:00:00Z,5421,670
2026-09-09T00:00:00Z,5420,591
2026-09-09T04:00:00Z,5422,540
2026-09-09T09:00:00Z,5424,524
2026-09-09T14:00:00Z,5428,716
2026-09-09T18:00:00Z,5431,717
2026-09-09T21:00:00Z,5431,677
2026-09-10T00:00:00Z,5433,608
2026-09-10T04:00:00Z,5433,543
2026-09-10T09:00:00Z,5433,503
2026-09-10T14:00:00Z,5438,661
2026-09-10T18:00:00Z,5438,725
2026-09-10T21:00:00Z,5441,675
2026-09-11T00:00:00Z,5442,595
2026-09-11T04:00:00Z,5441,574
2026-09-11T09:00:00Z,5444,380
2026-09-11T14:00:00Z,5443,692
2026-09-11T18:00:00Z,5441,722
2026-09-11T21:00:00Z,5438,719
2026-09-12T00:00:00Z,5441,655
2026-09-12T05:00:00Z,5441,530
2026-09-12T10:00:00Z,5442,568
2026-09-12T14:00:00Z,5444,696
2026-09-12T17:00:00Z,5446,772
2026-09-12T19:00:00Z,5449,765
2026-09-12T22:00:00Z,5449,686
2026-09-13T00:00:00Z,5449,605
2026-09-13T06:00:00Z,5448,544
2026-09-13T11:00:00Z,5452,661
2026-09-13T16:00:00Z,5453,799
2026-09-13T19:00:00Z,5455,818
2026-09-13T22:00:00Z,5460,696
2026-09-14T00:00:00Z,5460,627
2026-09-14T06:00:00Z,5459,507
2026-09-14T12:00:00Z,5462,604
2026-09-14T18:00:00Z,5461,746
2026-09-14T22:00:00Z,5463,652
2026-09-15T01:00:00Z,5461,631
2026-09-15T07:00:00Z,5460,362
2026-09-15T13:00:00Z,5461,632
2026-09-15T18:00:00Z,5463,735
2026-09-15T21:00:00Z,5466,667
2026-09-16T00:00:00Z,5469,597
2026-09-16T05:00:00Z,5470,365
2026-09-16T11:00:00Z,5470,516
2026-09-16T16:00:00Z,5473,731
2026-09-16T20:00:00Z,5474,680
2026-09-16T22:00:00Z,5474,617
2026-09-17T01:00:00Z,5474,605
2026-09-17T07:00:00Z,5479,356
2026-09-17T13:00:00Z,5479,623
2026-09-17T18:00:00Z,5479,702
2026-09-17T21:00:00Z,5480,673
2026-09-18T00:00:00Z,5483,605
2026-09-18T05:00:00Z,5481,365
2026-09-18T11:00:00Z,5483,507
2026-09-18T14:00:00Z,5484,670
2026-09-18T18:00:00Z,5483,714
2026-09-18T21:00:00Z,5485,717
2026-09-19T00:00:00Z,5486,623
2026-09-19T05:00:00Z,5491,556
2026-09-19T10:00:00Z,5491,550
2026-09-19T14:00:00Z,5493,701
2026-09-19T17:00:00Z,5492,756
2026-09-19T20:00:00Z,5492,754
2026-09-19T22:00:00Z,5493,669
2026-09-20T01:00:00Z,5493,604
2026-09-20T06:00:00Z,5490,571
2026-09-20T11:00:00Z,5491,608
2026-09-20T15:00:00Z,5495,792
2026-09-20T18:00:00Z,5498,823
2026-09-20T21:00:00Z,5498,720
2026-09-21T00:00:00Z,5499,636
2026-09-21T06:00:00Z,5504,515
2026-09-21T13:00:00Z,5507,676
2026-09-21T19:00:00Z,5506,753
2026-09-21T23:00:00Z,5509,618
2026-09-22T04:00:00Z,5511,530
2026-09-22T09:00:00Z,5512,507
2026-09-22T14:00:00Z,5511,723
2026-09-22T18:00:00Z,5516,741
2026-09-22T22:00:00Z,5518,659
2026-09-23T00:00:00Z,5520,600
2026-09-23T05:00:00Z,5520,377
2026-09-23T11:00:00Z,5520,539
2026-09-23T16:00:00Z,5523,766
2026-09-23T20:00:00Z,5524,752
2026-09-23T23:00:00Z,5526,625
2026-09-24T04:00:00Z,5526,546
2026-09-24T09:00:00Z,5528,544
2026-09-24T14:00:00Z,5525,721
2026-09-24T19:00:00Z,5526,758
2026-09-24T22:00:00Z,5528,674
